# Redirect old offline deployments URL to new airgap URL
/install/offline /install/airgap 301

# Redirect old offline anchor fragments to new airgap anchors
/install/offline#offline-docs /install/airgap#airgap-docs 301
/install/offline#offline-container-images /install/airgap#airgap-container-images 301

# Redirect old devcontainers folder to envbuilder
/admin/templates/managing-templates/devcontainers /admin/templates/managing-templates/envbuilder 301
/admin/templates/managing-templates/devcontainers/index /admin/templates/managing-templates/envbuilder 301
/admin/templates/managing-templates/devcontainers/add-devcontainer /admin/templates/managing-templates/envbuilder/add-envbuilder 301
/admin/templates/managing-templates/devcontainers/devcontainer-security-caching /admin/templates/managing-templates/envbuilder/envbuilder-security-caching 301
/admin/templates/managing-templates/devcontainers/devcontainer-releases-known-issues /admin/templates/managing-templates/envbuilder/envbuilder-releases-known-issues 301
